{"id":"61711ac0-1169-475d-809d-3987dec9189e","options":[{"name":"Export type","value":"HTML"},{"name":"Items included","value":"Tagged items"},{"name":"Include previews and file attachments","value":"On"},{"name":"Include chat threads as HTML","value":"On"},{"name":"Blur preview for items with illegal categories","value":"Off"},{"name":"Make external links clickable","value":"Off"},{"name":"Generate MSG attachments","value":"Off"},{"name":"Column configuration","value":"All columns"},{"name":"Language","value":"English (United States)"}],"summary":[{"name":"AXIOM version","value":"8.0.0.39753"},{"name":"Total number of records","value":"305"},{"name":"Number of records in export","value":"305"},{"name":"Number of attachments in export","value":"18"},{"name":"Case directory","value":"Case Files"},{"name":"Case storage location","value":"Local"},{"name":"Start date","value":"8/11/2025 9:05:36 PM"},{"name":"End date","value":"8/11/2025 9:06:02 PM"},{"name":"Duration","value":"00.00:00:25"},{"name":"Size (bytes)","value":"7,209,301"},{"name":"Status","value":"Completed"}],"problems":[]}
